N,avg_resp_time,total_req_count,total_time
50,0.12326434211573434,1453,179.103089094162
100,0.14946912859822367,2275,340.04226756095886
150,0.15991250464790746,2888,461.82731342315674
200,0.16504705662758934,3624,598.1305332183838
250,0.15889398966016946,4259,676.7295019626617
300,0.16946951286240958,4580,776.1703689098358
350,0.17080452628245452,5343,912.6085839271545
400,0.17316279668934362,5886,1019.2362213134766
450,0.18227103668178868,1794,326.9942398071289
